Zona;Month;Year;Tasa Paro
Andalucía;3;2002;18.95
Andalucía;3;2003;19
Andalucía;3;2004;17.15
Andalucía;3;2005;14.29
Andalucía;3;2006;13.31
Andalucía;3;2007;12.52
Andalucía;3;2008;14.78
Andalucía;3;2009;23.94
Andalucía;3;2010;27.05
Andalucía;3;2011;29.37
Andalucía;3;2012;32.9
Andalucía;3;2013;36.77
Andalucía;3;2014;34.94
Andalucía;3;2015;33.62
Andalucía;3;2016;29.7
Andalucía;3;2017;26.94
Andalucía;3;2018;24.74
Andalucía;3;2019;21.08
Andalucía;3;2020;21.21
Andalucía;3;2021;22.75
Andalucía;3;2022;19.55
Andalucía;3;2023;18.38
Andalucía;3;2024;17.77
Andalucía;6;2002;18.62
Andalucía;6;2003;17.95
Andalucía;6;2004;17.36
Andalucía;6;2005;13.71
Andalucía;6;2006;12.53
Andalucía;6;2007;11.95
Andalucía;6;2008;16.16
Andalucía;6;2009;25.26
Andalucía;6;2010;27.62
Andalucía;6;2011;29.45
Andalucía;6;2012;33.59
Andalucía;6;2013;35.67
Andalucía;6;2014;34.74
Andalucía;6;2015;30.98
Andalucía;6;2016;29.07
Andalucía;6;2017;25.24
Andalucía;6;2018;23.09
Andalucía;6;2019;21.04
Andalucía;6;2020;21.32
Andalucía;6;2021;21.77
Andalucía;6;2022;18.76
Andalucía;6;2023;18.2
Andalucía;9;2002;20.26
Andalucía;9;2003;18.5
Andalucía;9;2004;17.47
Andalucía;9;2005;13.5
Andalucía;9;2006;12.43
Andalucía;9;2007;12.57
Andalucía;9;2008;18.21
Andalucía;9;2009;25.51
Andalucía;9;2010;28.38
Andalucía;9;2011;30.69
Andalucía;9;2012;35.21
Andalucía;9;2013;36.19
Andalucía;9;2014;35.21
Andalucía;9;2015;31.73
Andalucía;9;2016;28.52
Andalucía;9;2017;25.41
Andalucía;9;2018;22.85
Andalucía;9;2019;21.83
Andalucía;9;2020;23.8
Andalucía;9;2021;22.61
Andalucía;9;2022;19.1
Andalucía;9;2023;18.77
Andalucía;12;2002;20.15
Andalucía;12;2003;18.35
Andalucía;12;2004;15.99
Andalucía;12;2005;13.8
Andalucía;12;2006;12.22
Andalucía;12;2007;13.96
Andalucía;12;2008;21.66
Andalucía;12;2009;26.27
Andalucía;12;2010;28.04
Andalucía;12;2011;31.01
Andalucía;12;2012;35.71
Andalucía;12;2013;36.26
Andalucía;12;2014;34.23
Andalucía;12;2015;29.83
Andalucía;12;2016;28.25
Andalucía;12;2017;24.43
Andalucía;12;2018;21.26
Andalucía;12;2019;20.8
Andalucía;12;2020;22.74
Andalucía;12;2021;20.31
Andalucía;12;2022;19.05
Andalucía;12;2023;17.61
Aragón;3;2002;5.42
Aragón;3;2003;7.38
Aragón;3;2004;6.82
Aragón;3;2005;6.16
Aragón;3;2006;6.29
Aragón;3;2007;5.76
Aragón;3;2008;6.09
Aragón;3;2009;13.31
Aragón;3;2010;15.24
Aragón;3;2011;18.04
Aragón;3;2012;18.37
Aragón;3;2013;22.52
Aragón;3;2014;22.85
Aragón;3;2015;18.59
Aragón;3;2016;15.28
Aragón;3;2017;13.32
Aragón;3;2018;11.58
Aragón;3;2019;10.5
Aragón;3;2020;10.64
Aragón;3;2021;12.36
Aragón;3;2022;10.24
Aragón;3;2023;9.34
Aragón;3;2024;8.04
Aragón;6;2002;5.86
Aragón;6;2003;6.74
Aragón;6;2004;5.52
Aragón;6;2005;6.43
Aragón;6;2006;5.75
Aragón;6;2007;5.36
Aragón;6;2008;6.93
Aragón;6;2009;13.18
Aragón;6;2010;14.52
Aragón;6;2011;17.51
Aragón;6;2012;18.74
Aragón;6;2013;22.04
Aragón;6;2014;20.83
Aragón;6;2015;17
Aragón;6;2016;15.27
Aragón;6;2017;11.39
Aragón;6;2018;9.97
Aragón;6;2019;9.98
Aragón;6;2020;11.78
Aragón;6;2021;10.87
Aragón;6;2022;9.28
Aragón;6;2023;8.79
Aragón;9;2002;5.57
Aragón;9;2003;5.88
Aragón;9;2004;4.73
Aragón;9;2005;5.23
Aragón;9;2006;5.08
Aragón;9;2007;4.98
Aragón;9;2008;6.41
Aragón;9;2009;12.15
Aragón;9;2010;13.77
Aragón;9;2011;15.96
Aragón;9;2012;18.83
Aragón;9;2013;20.38
Aragón;9;2014;18.36
Aragón;9;2015;14.97
Aragón;9;2016;14.88
Aragón;9;2017;10.5
Aragón;9;2018;9.87
Aragón;9;2019;9.69
Aragón;9;2020;11.9
Aragón;9;2021;8.94
Aragón;9;2022;9.39
Aragón;9;2023;8
Aragón;12;2002;6.54
Aragón;12;2003;6.53
Aragón;12;2004;5.56
Aragón;12;2005;5.76
Aragón;12;2006;4.99
Aragón;12;2007;5.12
Aragón;12;2008;9.71
Aragón;12;2009;13.57
Aragón;12;2010;16.29
Aragón;12;2011;16.8
Aragón;12;2012;18.72
Aragón;12;2013;20.59
Aragón;12;2014;18.65
Aragón;12;2015;14.6
Aragón;12;2016;13.53
Aragón;12;2017;11.37
Aragón;12;2018;11.11
Aragón;12;2019;9.93
Aragón;12;2020;12.49
Aragón;12;2021;9.18
Aragón;12;2022;9.57
Aragón;12;2023;8.17
Asturias, Principado de;3;2002;9.15
Asturias, Principado de;3;2003;12.44
Asturias, Principado de;3;2004;11.46
Asturias, Principado de;3;2005;11.18
Asturias, Principado de;3;2006;10.06
Asturias, Principado de;3;2007;9.44
Asturias, Principado de;3;2008;8.56
Asturias, Principado de;3;2009;12.07
Asturias, Principado de;3;2010;16.6
Asturias, Principado de;3;2011;18.16
Asturias, Principado de;3;2012;20.52
Asturias, Principado de;3;2013;25.51
Asturias, Principado de;3;2014;22.75
Asturias, Principado de;3;2015;18.99
Asturias, Principado de;3;2016;19.5
Asturias, Principado de;3;2017;14.23
Asturias, Principado de;3;2018;15.02
Asturias, Principado de;3;2019;15.03
Asturias, Principado de;3;2020;14.37
Asturias, Principado de;3;2021;13.73
Asturias, Principado de;3;2022;11.68
Asturias, Principado de;3;2023;13.1
Asturias, Principado de;3;2024;11.4
Asturias, Principado de;6;2002;10.28
Asturias, Principado de;6;2003;10.82
Asturias, Principado de;6;2004;10.34
Asturias, Principado de;6;2005;10.68
Asturias, Principado de;6;2006;8.09
Asturias, Principado de;6;2007;9.1
Asturias, Principado de;6;2008;7.84
Asturias, Principado de;6;2009;13.94
Asturias, Principado de;6;2010;16.35
Asturias, Principado de;6;2011;17.17
Asturias, Principado de;6;2012;21.12
Asturias, Principado de;6;2013;24.56
Asturias, Principado de;6;2014;21.02
Asturias, Principado de;6;2015;20.15
Asturias, Principado de;6;2016;19.29
Asturias, Principado de;6;2017;13.03
Asturias, Principado de;6;2018;13.1
Asturias, Principado de;6;2019;14.17
Asturias, Principado de;6;2020;14.45
Asturias, Principado de;6;2021;13.42
Asturias, Principado de;6;2022;11.6
Asturias, Principado de;6;2023;10.38
Asturias, Principado de;9;2002;9.67
Asturias, Principado de;9;2003;11.8
Asturias, Principado de;9;2004;9.25
Asturias, Principado de;9;2005;8.99
Asturias, Principado de;9;2006;9.41
Asturias, Principado de;9;2007;7.13
Asturias, Principado de;9;2008;7.6
Asturias, Principado de;9;2009;13.54
Asturias, Principado de;9;2010;14.1
Asturias, Principado de;9;2011;17.19
Asturias, Principado de;9;2012;21.83
Asturias, Principado de;9;2013;24.15
Asturias, Principado de;9;2014;19.96
Asturias, Principado de;9;2015;16.97
Asturias, Principado de;9;2016;17.05
Asturias, Principado de;9;2017;12.95
Asturias, Principado de;9;2018;13.45
Asturias, Principado de;9;2019;14.43
Asturias, Principado de;9;2020;14.16
Asturias, Principado de;9;2021;12.09
Asturias, Principado de;9;2022;12.59
Asturias, Principado de;9;2023;13.39
Asturias, Principado de;12;2002;10.12
Asturias, Principado de;12;2003;10.14
Asturias, Principado de;12;2004;10.24
Asturias, Principado de;12;2005;9.3
Asturias, Principado de;12;2006;9.09
Asturias, Principado de;12;2007;8
Asturias, Principado de;12;2008;10
Asturias, Principado de;12;2009;14.13
Asturias, Principado de;12;2010;16.61
Asturias, Principado de;12;2011;18.84
Asturias, Principado de;12;2012;23.82
Asturias, Principado de;12;2013;22.29
Asturias, Principado de;12;2014;20.78
Asturias, Principado de;12;2015;20.33
Asturias, Principado de;12;2016;14.59
Asturias, Principado de;12;2017;14.64
Asturias, Principado de;12;2018;12.86
Asturias, Principado de;12;2019;13.14
Asturias, Principado de;12;2020;13.5
Asturias, Principado de;12;2021;10.1
Asturias, Principado de;12;2022;14.18
Asturias, Principado de;12;2023;11.62
Balears, Illes;3;2002;8.96
Balears, Illes;3;2003;12.68
Balears, Illes;3;2004;12.75
Balears, Illes;3;2005;10.7
Balears, Illes;3;2006;8.41
Balears, Illes;3;2007;9.33
Balears, Illes;3;2008;10.98
Balears, Illes;3;2009;19.63
Balears, Illes;3;2010;22.22
Balears, Illes;3;2011;24.98
Balears, Illes;3;2012;27.85
Balears, Illes;3;2013;28.55
Balears, Illes;3;2014;26.7
Balears, Illes;3;2015;22.29
Balears, Illes;3;2016;18.41
Balears, Illes;3;2017;16.76
Balears, Illes;3;2018;17.42
Balears, Illes;3;2019;17.06
Balears, Illes;3;2020;18.2
Balears, Illes;3;2021;18.4
Balears, Illes;3;2022;17.61
Balears, Illes;3;2023;17.79
Balears, Illes;3;2024;15.48
Balears, Illes;6;2002;6.74
Balears, Illes;6;2003;9.39
Balears, Illes;6;2004;9.06
Balears, Illes;6;2005;6.06
Balears, Illes;6;2006;6.53
Balears, Illes;6;2007;5.55
Balears, Illes;6;2008;8.4
Balears, Illes;6;2009;18.02
Balears, Illes;6;2010;19.79
Balears, Illes;6;2011;19.53
Balears, Illes;6;2012;21.32
Balears, Illes;6;2013;21.14
Balears, Illes;6;2014;19.04
Balears, Illes;6;2015;16.45
Balears, Illes;6;2016;13.02
Balears, Illes;6;2017;11.49
Balears, Illes;6;2018;11.22
Balears, Illes;6;2019;12.13
Balears, Illes;6;2020;15.93
Balears, Illes;6;2021;14.74
Balears, Illes;6;2022;9.02
Balears, Illes;6;2023;7.12
Balears, Illes;9;2002;6.07
Balears, Illes;9;2003;7.02
Balears, Illes;9;2004;6.77
Balears, Illes;9;2005;4.91
Balears, Illes;9;2006;4.72
Balears, Illes;9;2007;4.64
Balears, Illes;9;2008;9.32
Balears, Illes;9;2009;14.78
Balears, Illes;9;2010;16.93
Balears, Illes;9;2011;17.79
Balears, Illes;9;2012;19.56
Balears, Illes;9;2013;16.93
Balears, Illes;9;2014;15.94
Balears, Illes;9;2015;13.88
Balears, Illes;9;2016;10.6
Balears, Illes;9;2017;9.25
Balears, Illes;9;2018;7.16
Balears, Illes;9;2019;8.18
Balears, Illes;9;2020;13.28
Balears, Illes;9;2021;10.02
Balears, Illes;9;2022;5.61
Balears, Illes;9;2023;5.85
Balears, Illes;12;2002;8.69
Balears, Illes;12;2003;10.01
Balears, Illes;12;2004;8.09
Balears, Illes;12;2005;7.5
Balears, Illes;12;2006;6.34
Balears, Illes;12;2007;9.35
Balears, Illes;12;2008;12.05
Balears, Illes;12;2009;19.45
Balears, Illes;12;2010;21.78
Balears, Illes;12;2011;25.49
Balears, Illes;12;2012;24.3
Balears, Illes;12;2013;22.72
Balears, Illes;12;2014;18.88
Balears, Illes;12;2015;17.02
Balears, Illes;12;2016;13.8
Balears, Illes;12;2017;12.61
Balears, Illes;12;2018;10.91
Balears, Illes;12;2019;9.91
Balears, Illes;12;2020;17.34
Balears, Illes;12;2021;14.58
Balears, Illes;12;2022;10.7
Balears, Illes;12;2023;11.16
Canarias;3;2002;10.57
Canarias;3;2003;10.69
Canarias;3;2004;12.79
Canarias;3;2005;12.74
Canarias;3;2006;12.03
Canarias;3;2007;10.25
Canarias;3;2008;14.66
Canarias;3;2009;25.9
Canarias;3;2010;27.72
Canarias;3;2011;28.32
Canarias;3;2012;31.78
Canarias;3;2013;33.74
Canarias;3;2014;32.55
Canarias;3;2015;30.81
Canarias;3;2016;26
Canarias;3;2017;25.68
Canarias;3;2018;20.62
Canarias;3;2019;21.03
Canarias;3;2020;18.79
Canarias;3;2021;25.58
Canarias;3;2022;20.27
Canarias;3;2023;17.55
Canarias;3;2024;14.88
Canarias;6;2002;11.33
Canarias;6;2003;11.43
Canarias;6;2004;12.7
Canarias;6;2005;12.18
Canarias;6;2006;11.27
Canarias;6;2007;9.87
Canarias;6;2008;15.93
Canarias;6;2009;25.7
Canarias;6;2010;29.31
Canarias;6;2011;29.39
Canarias;6;2012;32.7
Canarias;6;2013;33.33
Canarias;6;2014;32.68
Canarias;6;2015;30.3
Canarias;6;2016;27.33
Canarias;6;2017;24.3
Canarias;6;2018;20.06
Canarias;6;2019;21
Canarias;6;2020;21.55
Canarias;6;2021;24.77
Canarias;6;2022;17.93
Canarias;6;2023;15.65
Canarias;9;2002;11.11
Canarias;9;2003;11.2
Canarias;9;2004;11.45
Canarias;9;2005;11.03
Canarias;9;2006;11.81
Canarias;9;2007;10.8
Canarias;9;2008;17.36
Canarias;9;2009;25.63
Canarias;9;2010;28.59
Canarias;9;2011;29.08
Canarias;9;2012;33.22
Canarias;9;2013;34.76
Canarias;9;2014;33.36
Canarias;9;2015;28.56
Canarias;9;2016;26.01
Canarias;9;2017;21.87
Canarias;9;2018;19.64
Canarias;9;2019;21.19
Canarias;9;2020;25.04
Canarias;9;2021;24.49
Canarias;9;2022;17.49
Canarias;9;2023;15.04
Canarias;12;2002;11.32
Canarias;12;2003;12.04
Canarias;12;2004;10.75
Canarias;12;2005;10.88
Canarias;12;2006;11.37
Canarias;12;2007;10.89
Canarias;12;2008;20.99
Canarias;12;2009;26.77
Canarias;12;2010;28.78
Canarias;12;2011;30.33
Canarias;12;2012;32.6
Canarias;12;2013;33.09
Canarias;12;2014;31.08
Canarias;12;2015;26.75
Canarias;12;2016;24.9
Canarias;12;2017;22.04
Canarias;12;2018;19.99
Canarias;12;2019;18.78
Canarias;12;2020;25.22
Canarias;12;2021;19.23
Canarias;12;2022;14.87
Canarias;12;2023;16.06
Cantabria;3;2002;9.54
Cantabria;3;2003;10.07
Cantabria;3;2004;11.44
Cantabria;3;2005;9.83
Cantabria;3;2006;7.06
Cantabria;3;2007;7.11
Cantabria;3;2008;6.41
Cantabria;3;2009;12.57
Cantabria;3;2010;14.33
Cantabria;3;2011;16.27
Cantabria;3;2012;18.77
Cantabria;3;2013;20.86
Cantabria;3;2014;20.95
Cantabria;3;2015;18.54
Cantabria;3;2016;18.9
Cantabria;3;2017;14.07
Cantabria;3;2018;12.46
Cantabria;3;2019;12.2
Cantabria;3;2020;11.09
Cantabria;3;2021;11.59
Cantabria;3;2022;10.83
Cantabria;3;2023;9.46
Cantabria;3;2024;7.53
Cantabria;6;2002;9.73
Cantabria;6;2003;10.29
Cantabria;6;2004;10.55
Cantabria;6;2005;9.11
Cantabria;6;2006;6.53
Cantabria;6;2007;6.41
Cantabria;6;2008;7.1
Cantabria;6;2009;11.67
Cantabria;6;2010;13.73
Cantabria;6;2011;14.88
Cantabria;6;2012;17.42
Cantabria;6;2013;22.28
Cantabria;6;2014;19.26
Cantabria;6;2015;18.15
Cantabria;6;2016;15.31
Cantabria;6;2017;14.03
Cantabria;6;2018;11.57
Cantabria;6;2019;9.01
Cantabria;6;2020;13.76
Cantabria;6;2021;12.15
Cantabria;6;2022;8.32
Cantabria;6;2023;8.02
Cantabria;9;2002;10.25
Cantabria;9;2003;10.86
Cantabria;9;2004;9.16
Cantabria;9;2005;7.07
Cantabria;9;2006;6.4
Cantabria;9;2007;5.61
Cantabria;9;2008;6.32
Cantabria;9;2009;11.06
Cantabria;9;2010;12.07
Cantabria;9;2011;14.13
Cantabria;9;2012;15.79
Cantabria;9;2013;18.84
Cantabria;9;2014;19.04
Cantabria;9;2015;16.19
Cantabria;9;2016;12.53
Cantabria;9;2017;12.67
Cantabria;9;2018;8.99
Cantabria;9;2019;8.73
Cantabria;9;2020;12.02
Cantabria;9;2021;9.74
Cantabria;9;2022;8.62
Cantabria;9;2023;7.7
Cantabria;12;2002;10.58
Cantabria;12;2003;10.42
Cantabria;12;2004;11.1
Cantabria;12;2005;8.01
Cantabria;12;2006;5.87
Cantabria;12;2007;4.72
Cantabria;12;2008;8.81
Cantabria;12;2009;12.7
Cantabria;12;2010;14.67
Cantabria;12;2011;15.92
Cantabria;12;2012;19.19
Cantabria;12;2013;19.81
Cantabria;12;2014;18.42
Cantabria;12;2015;17.71
Cantabria;12;2016;12.89
Cantabria;12;2017;13.49
Cantabria;12;2018;9.68
Cantabria;12;2019;11.18
Cantabria;12;2020;11.79
Cantabria;12;2021;11.58
Cantabria;12;2022;10.53
Cantabria;12;2023;7.39
Castilla - La Mancha;3;2002;9.72
Castilla - La Mancha;3;2003;10.93
Castilla - La Mancha;3;2004;9.97
Castilla - La Mancha;3;2005;9.63
Castilla - La Mancha;3;2006;9.43
Castilla - La Mancha;3;2007;7.67
Castilla - La Mancha;3;2008;9.58
Castilla - La Mancha;3;2009;18.17
Castilla - La Mancha;3;2010;21.72
Castilla - La Mancha;3;2011;22.13
Castilla - La Mancha;3;2012;27.38
Castilla - La Mancha;3;2013;31.24
Castilla - La Mancha;3;2014;30.3
Castilla - La Mancha;3;2015;28.69
Castilla - La Mancha;3;2016;25.45
Castilla - La Mancha;3;2017;22.48
Castilla - La Mancha;3;2018;20.68
Castilla - La Mancha;3;2019;15.74
Castilla - La Mancha;3;2020;18.11
Castilla - La Mancha;3;2021;17.51
Castilla - La Mancha;3;2022;14.42
Castilla - La Mancha;3;2023;15.43
Castilla - La Mancha;3;2024;15
Castilla - La Mancha;6;2002;9.35
Castilla - La Mancha;6;2003;10.07
Castilla - La Mancha;6;2004;8.9
Castilla - La Mancha;6;2005;9.41
Castilla - La Mancha;6;2006;9.05
Castilla - La Mancha;6;2007;7.89
Castilla - La Mancha;6;2008;10.63
Castilla - La Mancha;6;2009;19.65
Castilla - La Mancha;6;2010;21.38
Castilla - La Mancha;6;2011;23.18
Castilla - La Mancha;6;2012;28.9
Castilla - La Mancha;6;2013;30.23
Castilla - La Mancha;6;2014;28.69
Castilla - La Mancha;6;2015;27
Castilla - La Mancha;6;2016;23.93
Castilla - La Mancha;6;2017;22.24
Castilla - La Mancha;6;2018;19.11
Castilla - La Mancha;6;2019;16.42
Castilla - La Mancha;6;2020;16.84
Castilla - La Mancha;6;2021;16.67
Castilla - La Mancha;6;2022;14.45
Castilla - La Mancha;6;2023;13.12
Castilla - La Mancha;9;2002;9.17
Castilla - La Mancha;9;2003;9.75
Castilla - La Mancha;9;2004;8.98
Castilla - La Mancha;9;2005;8.44
Castilla - La Mancha;9;2006;8.86
Castilla - La Mancha;9;2007;7
Castilla - La Mancha;9;2008;11.4
Castilla - La Mancha;9;2009;18.38
Castilla - La Mancha;9;2010;20.07
Castilla - La Mancha;9;2011;22.46
Castilla - La Mancha;9;2012;27.99
Castilla - La Mancha;9;2013;29.41
Castilla - La Mancha;9;2014;28.49
Castilla - La Mancha;9;2015;24.72
Castilla - La Mancha;9;2016;22.67
Castilla - La Mancha;9;2017;18.6
Castilla - La Mancha;9;2018;16.71
Castilla - La Mancha;9;2019;16.1
Castilla - La Mancha;9;2020;18.34
Castilla - La Mancha;9;2021;15.2
Castilla - La Mancha;9;2022;14.87
Castilla - La Mancha;9;2023;11.98
Castilla - La Mancha;12;2002;9.85
Castilla - La Mancha;12;2003;9.8
Castilla - La Mancha;12;2004;10.2
Castilla - La Mancha;12;2005;9.42
Castilla - La Mancha;12;2006;8.05
Castilla - La Mancha;12;2007;8.1
Castilla - La Mancha;12;2008;15.04
Castilla - La Mancha;12;2009;19.29
Castilla - La Mancha;12;2010;21.72
Castilla - La Mancha;12;2011;24.53
Castilla - La Mancha;12;2012;30.07
Castilla - La Mancha;12;2013;28.99
Castilla - La Mancha;12;2014;28.5
Castilla - La Mancha;12;2015;24.97
Castilla - La Mancha;12;2016;22.14
Castilla - La Mancha;12;2017;19.74
Castilla - La Mancha;12;2018;16.16
Castilla - La Mancha;12;2019;16.56
Castilla - La Mancha;12;2020;17.39
Castilla - La Mancha;12;2021;13.33
Castilla - La Mancha;12;2022;14.81
Castilla - La Mancha;12;2023;12.33
Castilla y León;3;2002;10.83
Castilla y León;3;2003;11.39
Castilla y León;3;2004;11.61
Castilla y León;3;2005;10.15
Castilla y León;3;2006;9.14
Castilla y León;3;2007;7.38
Castilla y León;3;2008;8.22
Castilla y León;3;2009;14.12
Castilla y León;3;2010;15.83
Castilla y León;3;2011;17.51
Castilla y León;3;2012;19.41
Castilla y León;3;2013;22.72
Castilla y León;3;2014;22.21
Castilla y León;3;2015;20.38
Castilla y León;3;2016;18.33
Castilla y León;3;2017;15.13
Castilla y León;3;2018;13.91
Castilla y León;3;2019;12.42
Castilla y León;3;2020;11.82
Castilla y León;3;2021;13.16
Castilla y León;3;2022;11.23
Castilla y León;3;2023;10.34
Castilla y León;3;2024;10.26
Castilla y León;6;2002;10.65
Castilla y León;6;2003;11.17
Castilla y León;6;2004;10.97
Castilla y León;6;2005;8.65
Castilla y León;6;2006;8.24
Castilla y León;6;2007;7.21
Castilla y León;6;2008;9.36
Castilla y León;6;2009;14.4
Castilla y León;6;2010;16.38
Castilla y León;6;2011;16.51
Castilla y León;6;2012;19.82
Castilla y León;6;2013;21.34
Castilla y León;6;2014;21.17
Castilla y León;6;2015;18.49
Castilla y León;6;2016;16.25
Castilla y León;6;2017;14.45
Castilla y León;6;2018;12
Castilla y León;6;2019;11.76
Castilla y León;6;2020;12.35
Castilla y León;6;2021;12.93
Castilla y León;6;2022;10.51
Castilla y León;6;2023;9.19
Castilla y León;9;2002;10.23
Castilla y León;9;2003;10.83
Castilla y León;9;2004;9.77
Castilla y León;9;2005;7.68
Castilla y León;9;2006;7.52
Castilla y León;9;2007;7
Castilla y León;9;2008;9.47
Castilla y León;9;2009;13.17
Castilla y León;9;2010;15.2
Castilla y León;9;2011;16.24
Castilla y León;9;2012;19.23
Castilla y León;9;2013;20.91
Castilla y León;9;2014;19.4
Castilla y León;9;2015;16.59
Castilla y León;9;2016;13.91
Castilla y León;9;2017;13.02
Castilla y León;9;2018;11.3
Castilla y León;9;2019;11.18
Castilla y León;9;2020;12.49
Castilla y León;9;2021;9.93
Castilla y León;9;2022;9.08
Castilla y León;9;2023;9.61
Castilla y León;12;2002;10.15
Castilla y León;12;2003;11.02
Castilla y León;12;2004;10.48
Castilla y León;12;2005;8.53
Castilla y León;12;2006;7.58
Castilla y León;12;2007;6.94
Castilla y León;12;2008;11.4
Castilla y León;12;2009;14.21
Castilla y León;12;2010;15.78
Castilla y León;12;2011;17.21
Castilla y León;12;2012;20.74
Castilla y León;12;2013;22.02
Castilla y León;12;2014;20.28
Castilla y León;12;2015;17.58
Castilla y León;12;2016;14.81
Castilla y León;12;2017;13.71
Castilla y León;12;2018;11.21
Castilla y León;12;2019;11.2
Castilla y León;12;2020;11.61
Castilla y León;12;2021;10.46
Castilla y León;12;2022;8.9
Castilla y León;12;2023;9.59
Cataluña;3;2002;10.76
Cataluña;3;2003;10.74
Cataluña;3;2004;10.37
Cataluña;3;2005;7.79
Cataluña;3;2006;6.93
Cataluña;3;2007;6.65
Cataluña;3;2008;7.52
Cataluña;3;2009;16.16
Cataluña;3;2010;17.9
Cataluña;3;2011;18.93
Cataluña;3;2012;22
Cataluña;3;2013;24.45
Cataluña;3;2014;22.1
Cataluña;3;2015;20.05
Cataluña;3;2016;17.42
Cataluña;3;2017;15.28
Cataluña;3;2018;12.19
Cataluña;3;2019;11.64
Cataluña;3;2020;10.66
Cataluña;3;2021;13.09
Cataluña;3;2022;10.53
Cataluña;3;2023;10.66
Cataluña;3;2024;9.48
Cataluña;6;2002;9.53
Cataluña;6;2003;10.53
Cataluña;6;2004;9.76
Cataluña;6;2005;7.11
Cataluña;6;2006;6.31
Cataluña;6;2007;6.05
Cataluña;6;2008;7.47
Cataluña;6;2009;15.92
Cataluña;6;2010;17.56
Cataluña;6;2011;17.93
Cataluña;6;2012;21.79
Cataluña;6;2013;23.61
Cataluña;6;2014;20.22
Cataluña;6;2015;19.1
Cataluña;6;2016;15.95
Cataluña;6;2017;13.2
Cataluña;6;2018;11.39
Cataluña;6;2019;11.17
Cataluña;6;2020;12.78
Cataluña;6;2021;12.44
Cataluña;6;2022;9.53
Cataluña;6;2023;8.88
Cataluña;9;2002;9.78
Cataluña;9;2003;10.02
Cataluña;9;2004;9.44
Cataluña;9;2005;6.13
Cataluña;9;2006;6.17
Cataluña;9;2007;6.69
Cataluña;9;2008;8.8
Cataluña;9;2009;15.89
Cataluña;9;2010;17.31
Cataluña;9;2011;19.38
Cataluña;9;2012;22.46
Cataluña;9;2013;22.55
Cataluña;9;2014;19.1
Cataluña;9;2015;17.49
Cataluña;9;2016;14.63
Cataluña;9;2017;12.54
Cataluña;9;2018;10.63
Cataluña;9;2019;10.87
Cataluña;9;2020;13.23
Cataluña;9;2021;11.05
Cataluña;9;2022;9.51
Cataluña;9;2023;8.68
Cataluña;12;2002;10.61
Cataluña;12;2003;9.72
Cataluña;12;2004;9.32
Cataluña;12;2005;6.63
Cataluña;12;2006;6.56
Cataluña;12;2007;6.5
Cataluña;12;2008;11.75
Cataluña;12;2009;16.9
Cataluña;12;2010;17.86
Cataluña;12;2011;20.4
Cataluña;12;2012;23.81
Cataluña;12;2013;21.87
Cataluña;12;2014;19.88
Cataluña;12;2015;17.73
Cataluña;12;2016;14.85
Cataluña;12;2017;12.63
Cataluña;12;2018;11.75
Cataluña;12;2019;10.45
Cataluña;12;2020;13.87
Cataluña;12;2021;10.21
Cataluña;12;2022;10.32
Cataluña;12;2023;9.16
Comunitat Valenciana;3;2002;10.07
Comunitat Valenciana;3;2003;11.6
Comunitat Valenciana;3;2004;10.26
Comunitat Valenciana;3;2005;10.24
Comunitat Valenciana;3;2006;8.84
Comunitat Valenciana;3;2007;8.54
Comunitat Valenciana;3;2008;9.59
Comunitat Valenciana;3;2009;18.76
Comunitat Valenciana;3;2010;22.45
Comunitat Valenciana;3;2011;23.7
Comunitat Valenciana;3;2012;26.83
Comunitat Valenciana;3;2013;28.73
Comunitat Valenciana;3;2014;28.04
Comunitat Valenciana;3;2015;24.28
Comunitat Valenciana;3;2016;21.84
Comunitat Valenciana;3;2017;19.77
Comunitat Valenciana;3;2018;17.13
Comunitat Valenciana;3;2019;14.11
Comunitat Valenciana;3;2020;14.39
Comunitat Valenciana;3;2021;16.62
Comunitat Valenciana;3;2022;12.99
Comunitat Valenciana;3;2023;14.08
Comunitat Valenciana;3;2024;13.44
Comunitat Valenciana;6;2002;11.19
Comunitat Valenciana;6;2003;11.42
Comunitat Valenciana;6;2004;10.27
Comunitat Valenciana;6;2005;9.27
Comunitat Valenciana;6;2006;7.75
Comunitat Valenciana;6;2007;8.75
Comunitat Valenciana;6;2008;11.4
Comunitat Valenciana;6;2009;20.77
Comunitat Valenciana;6;2010;23.44
Comunitat Valenciana;6;2011;23.1
Comunitat Valenciana;6;2012;26.71
Comunitat Valenciana;6;2013;28.62
Comunitat Valenciana;6;2014;26.19
Comunitat Valenciana;6;2015;23.02
Comunitat Valenciana;6;2016;21.3
Comunitat Valenciana;6;2017;18.68
Comunitat Valenciana;6;2018;15.64
Comunitat Valenciana;6;2019;14.3
Comunitat Valenciana;6;2020;16.74
Comunitat Valenciana;6;2021;16.94
Comunitat Valenciana;6;2022;12.93
Comunitat Valenciana;6;2023;12.32
Comunitat Valenciana;9;2002;11.29
Comunitat Valenciana;9;2003;11.27
Comunitat Valenciana;9;2004;11.19
Comunitat Valenciana;9;2005;7.88
Comunitat Valenciana;9;2006;8.27
Comunitat Valenciana;9;2007;8.71
Comunitat Valenciana;9;2008;12.34
Comunitat Valenciana;9;2009;21.43
Comunitat Valenciana;9;2010;22.97
Comunitat Valenciana;9;2011;24.31
Comunitat Valenciana;9;2012;27.6
Comunitat Valenciana;9;2013;27.7
Comunitat Valenciana;9;2014;25.54
Comunitat Valenciana;9;2015;22.37
Comunitat Valenciana;9;2016;20.17
Comunitat Valenciana;9;2017;17.5
Comunitat Valenciana;9;2018;15.29
Comunitat Valenciana;9;2019;13.91
Comunitat Valenciana;9;2020;17.26
Comunitat Valenciana;9;2021;16.21
Comunitat Valenciana;9;2022;13.54
Comunitat Valenciana;9;2023;11.88
Comunitat Valenciana;12;2002;10.71
Comunitat Valenciana;12;2003;10.68
Comunitat Valenciana;12;2004;10.11
Comunitat Valenciana;12;2005;8.13
Comunitat Valenciana;12;2006;8.48
Comunitat Valenciana;12;2007;8.94
Comunitat Valenciana;12;2008;14.58
Comunitat Valenciana;12;2009;22.09
Comunitat Valenciana;12;2010;22.57
Comunitat Valenciana;12;2011;24.83
Comunitat Valenciana;12;2012;27.62
Comunitat Valenciana;12;2013;27.15
Comunitat Valenciana;12;2014;23.48
Comunitat Valenciana;12;2015;21.45
Comunitat Valenciana;12;2016;19.15
Comunitat Valenciana;12;2017;16.76
Comunitat Valenciana;12;2018;14.3
Comunitat Valenciana;12;2019;14.13
Comunitat Valenciana;12;2020;16.37
Comunitat Valenciana;12;2021;14.57
Comunitat Valenciana;12;2022;13.7
Comunitat Valenciana;12;2023;12.93
Extremadura;3;2002;19.79
Extremadura;3;2003;19.55
Extremadura;3;2004;17.03
Extremadura;3;2005;17.38
Extremadura;3;2006;15.65
Extremadura;3;2007;12.75
Extremadura;3;2008;14.47
Extremadura;3;2009;21.95
Extremadura;3;2010;23.2
Extremadura;3;2011;25.12
Extremadura;3;2012;32.12
Extremadura;3;2013;35.67
Extremadura;3;2014;32.14
Extremadura;3;2015;30.24
Extremadura;3;2016;29.13
Extremadura;3;2017;29.23
Extremadura;3;2018;25.94
Extremadura;3;2019;22.52
Extremadura;3;2020;23.59
Extremadura;3;2021;23.33
Extremadura;3;2022;19.17
Extremadura;3;2023;19.45
Extremadura;3;2024;17.61
Extremadura;6;2002;18.38
Extremadura;6;2003;16.48
Extremadura;6;2004;18.04
Extremadura;6;2005;15.18
Extremadura;6;2006;13.53
Extremadura;6;2007;12
Extremadura;6;2008;14.1
Extremadura;6;2009;20.22
Extremadura;6;2010;22.4
Extremadura;6;2011;23.25
Extremadura;6;2012;33.54
Extremadura;6;2013;34.07
Extremadura;6;2014;29.43
Extremadura;6;2015;29.56
Extremadura;6;2016;27.01
Extremadura;6;2017;25.76
Extremadura;6;2018;23.85
Extremadura;6;2019;20.46
Extremadura;6;2020;21.39
Extremadura;6;2021;19.6
Extremadura;6;2022;16.82
Extremadura;6;2023;17.19
Extremadura;9;2002;19.09
Extremadura;9;2003;15.99
Extremadura;9;2004;16.28
Extremadura;9;2005;15.22
Extremadura;9;2006;11.13
Extremadura;9;2007;12.34
Extremadura;9;2008;14.72
Extremadura;9;2009;19.14
Extremadura;9;2010;22.33
Extremadura;9;2011;23.62
Extremadura;9;2012;32.67
Extremadura;9;2013;33.33
Extremadura;9;2014;27.64
Extremadura;9;2015;28.51
Extremadura;9;2016;25.61
Extremadura;9;2017;24.76
Extremadura;9;2018;21.68
Extremadura;9;2019;19.68
Extremadura;9;2020;20.88
Extremadura;9;2021;18.5
Extremadura;9;2022;15.77
Extremadura;9;2023;16.6
Extremadura;12;2002;18.91
Extremadura;12;2003;17.14
Extremadura;12;2004;17.65
Extremadura;12;2005;15.16
Extremadura;12;2006;12.94
Extremadura;12;2007;14.79
Extremadura;12;2008;18.11
Extremadura;12;2009;21.21
Extremadura;12;2010;23.95
Extremadura;12;2011;28.33
Extremadura;12;2012;33.97
Extremadura;12;2013;32.4
Extremadura;12;2014;29.96
Extremadura;12;2015;28.07
Extremadura;12;2016;28.31
Extremadura;12;2017;25.12
Extremadura;12;2018;23.1
Extremadura;12;2019;23.48
Extremadura;12;2020;21.32
Extremadura;12;2021;19.33
Extremadura;12;2022;17.55
Extremadura;12;2023;16.23
Galicia;3;2002;13.39
Galicia;3;2003;12.87
Galicia;3;2004;14.62
Galicia;3;2005;10.79
Galicia;3;2006;9.91
Galicia;3;2007;8.72
Galicia;3;2008;8.34
Galicia;3;2009;12.09
Galicia;3;2010;15.39
Galicia;3;2011;17.19
Galicia;3;2012;20.1
Galicia;3;2013;22.26
Galicia;3;2014;23.2
Galicia;3;2015;21.83
Galicia;3;2016;18.24
Galicia;3;2017;17.36
Galicia;3;2018;15.08
Galicia;3;2019;12.47
Galicia;3;2020;12.65
Galicia;3;2021;12.83
Galicia;3;2022;11.45
Galicia;3;2023;10.9
Galicia;3;2024;10.45
Galicia;6;2002;12.05
Galicia;6;2003;11.88
Galicia;6;2004;14.13
Galicia;6;2005;11.03
Galicia;6;2006;8.45
Galicia;6;2007;7.5
Galicia;6;2008;8.25
Galicia;6;2009;12.63
Galicia;6;2010;15.49
Galicia;6;2011;16.63
Galicia;6;2012;20.93
Galicia;6;2013;22.41
Galicia;6;2014;22.29
Galicia;6;2015;20
Galicia;6;2016;17.74
Galicia;6;2017;16.11
Galicia;6;2018;13.99
Galicia;6;2019;11.33
Galicia;6;2020;11.95
Galicia;6;2021;12.26
Galicia;6;2022;11.15
Galicia;6;2023;9.38
Galicia;9;2002;11.26
Galicia;9;2003;12.48
Galicia;9;2004;12.93
Galicia;9;2005;8.59
Galicia;9;2006;7.17
Galicia;9;2007;6.63
Galicia;9;2008;8.31
Galicia;9;2009;12.23
Galicia;9;2010;14.8
Galicia;9;2011;17.05
Galicia;9;2012;19.97
Galicia;9;2013;21.62
Galicia;9;2014;20.25
Galicia;9;2015;17.66
Galicia;9;2016;16.35
Galicia;9;2017;14.49
Galicia;9;2018;12.24
Galicia;9;2019;11.49
Galicia;9;2020;11.8
Galicia;9;2021;10.15
Galicia;9;2022;10.91
Galicia;9;2023;9.4
Galicia;12;2002;11.89
Galicia;12;2003;13.46
Galicia;12;2004;12.47
Galicia;12;2005;9.14
Galicia;12;2006;7.88
Galicia;12;2007;7.46
Galicia;12;2008;9.64
Galicia;12;2009;12.8
Galicia;12;2010;15.62
Galicia;12;2011;18.17
Galicia;12;2012;21.13
Galicia;12;2013;21.88
Galicia;12;2014;20.87
Galicia;12;2015;17.74
Galicia;12;2016;16.29
Galicia;12;2017;14.71
Galicia;12;2018;12.04
Galicia;12;2019;11.74
Galicia;12;2020;11.66
Galicia;12;2021;10.94
Galicia;12;2022;10.65
Galicia;12;2023;9.19
Madrid, Comunidad de;3;2002;7.49
Madrid, Comunidad de;3;2003;7.77
Madrid, Comunidad de;3;2004;6.65
Madrid, Comunidad de;3;2005;8.26
Madrid, Comunidad de;3;2006;5.87
Madrid, Comunidad de;3;2007;6.43
Madrid, Comunidad de;3;2008;7.39
Madrid, Comunidad de;3;2009;13.36
Madrid, Comunidad de;3;2010;15.89
Madrid, Comunidad de;3;2011;15.18
Madrid, Comunidad de;3;2012;18.15
Madrid, Comunidad de;3;2013;19.99
Madrid, Comunidad de;3;2014;20.43
Madrid, Comunidad de;3;2015;17.79
Madrid, Comunidad de;3;2016;16.81
Madrid, Comunidad de;3;2017;14.23
Madrid, Comunidad de;3;2018;13.4
Madrid, Comunidad de;3;2019;11.7
Madrid, Comunidad de;3;2020;10.6
Madrid, Comunidad de;3;2021;12.24
Madrid, Comunidad de;3;2022;11.72
Madrid, Comunidad de;3;2023;10.83
Madrid, Comunidad de;3;2024;9.19
Madrid, Comunidad de;6;2002;6.96
Madrid, Comunidad de;6;2003;7.06
Madrid, Comunidad de;6;2004;6.86
Madrid, Comunidad de;6;2005;6.96
Madrid, Comunidad de;6;2006;6.91
Madrid, Comunidad de;6;2007;6.17
Madrid, Comunidad de;6;2008;8.67
Madrid, Comunidad de;6;2009;13.4
Madrid, Comunidad de;6;2010;16.18
Madrid, Comunidad de;6;2011;15.62
Madrid, Comunidad de;6;2012;18.42
Madrid, Comunidad de;6;2013;19.2
Madrid, Comunidad de;6;2014;19.03
Madrid, Comunidad de;6;2015;17.66
Madrid, Comunidad de;6;2016;16.25
Madrid, Comunidad de;6;2017;13.04
Madrid, Comunidad de;6;2018;12.08
Madrid, Comunidad de;6;2019;10.54
Madrid, Comunidad de;6;2020;12.61
Madrid, Comunidad de;6;2021;12.2
Madrid, Comunidad de;6;2022;10.7
Madrid, Comunidad de;6;2023;9.11
Madrid, Comunidad de;9;2002;7.75
Madrid, Comunidad de;9;2003;7.48
Madrid, Comunidad de;9;2004;6.49
Madrid, Comunidad de;9;2005;6.22
Madrid, Comunidad de;9;2006;5.97
Madrid, Comunidad de;9;2007;5.97
Madrid, Comunidad de;9;2008;8.32
Madrid, Comunidad de;9;2009;14.18
Madrid, Comunidad de;9;2010;15.76
Madrid, Comunidad de;9;2011;16.59
Madrid, Comunidad de;9;2012;18.23
Madrid, Comunidad de;9;2013;19.41
Madrid, Comunidad de;9;2014;17.53
Madrid, Comunidad de;9;2015;16.27
Madrid, Comunidad de;9;2016;15.19
Madrid, Comunidad de;9;2017;12.35
Madrid, Comunidad de;9;2018;11.86
Madrid, Comunidad de;9;2019;10.26
Madrid, Comunidad de;9;2020;13.25
Madrid, Comunidad de;9;2021;12.13
Madrid, Comunidad de;9;2022;11.11
Madrid, Comunidad de;9;2023;10.24
Madrid, Comunidad de;12;2002;6.99
Madrid, Comunidad de;12;2003;7.16
Madrid, Comunidad de;12;2004;6.95
Madrid, Comunidad de;12;2005;5.9
Madrid, Comunidad de;12;2006;6.46
Madrid, Comunidad de;12;2007;6.4
Madrid, Comunidad de;12;2008;10.02
Madrid, Comunidad de;12;2009;14.48
Madrid, Comunidad de;12;2010;15.54
Madrid, Comunidad de;12;2011;17.96
Madrid, Comunidad de;12;2012;19.32
Madrid, Comunidad de;12;2013;20.45
Madrid, Comunidad de;12;2014;18
Madrid, Comunidad de;12;2015;16.51
Madrid, Comunidad de;12;2016;14.6
Madrid, Comunidad de;12;2017;13.75
Madrid, Comunidad de;12;2018;11.54
Madrid, Comunidad de;12;2019;9.99
Madrid, Comunidad de;12;2020;13.53
Madrid, Comunidad de;12;2021;10.18
Madrid, Comunidad de;12;2022;11.33
Madrid, Comunidad de;12;2023;9.64
Total Nacional;3;2002;11.55
Total Nacional;3;2003;11.99
Total Nacional;3;2004;11.5
Total Nacional;3;2005;10.17
Total Nacional;3;2006;9.03
Total Nacional;3;2007;8.42
Total Nacional;3;2008;9.6
Total Nacional;3;2009;17.24
Total Nacional;3;2010;19.84
Total Nacional;3;2011;21.08
Total Nacional;3;2012;24.19
Total Nacional;3;2013;26.94
Total Nacional;3;2014;25.93
Total Nacional;3;2015;23.78
Total Nacional;3;2016;21
Total Nacional;3;2017;18.75
Total Nacional;3;2018;16.74
Total Nacional;3;2019;14.7
Total Nacional;3;2020;14.41
Total Nacional;3;2021;16.14
Total Nacional;3;2022;13.73
Total Nacional;3;2023;13.38
Total Nacional;3;2024;12.29
Total Nacional;6;2002;11.15
Total Nacional;6;2003;11.28
Total Nacional;6;2004;11.09
Total Nacional;6;2005;9.32
Total Nacional;6;2006;8.44
Total Nacional;6;2007;7.93
Total Nacional;6;2008;10.36
Total Nacional;6;2009;17.77
Total Nacional;6;2010;19.89
Total Nacional;6;2011;20.64
Total Nacional;6;2012;24.4
Total Nacional;6;2013;26.06
Total Nacional;6;2014;24.47
Total Nacional;6;2015;22.37
Total Nacional;6;2016;20
Total Nacional;6;2017;17.22
Total Nacional;6;2018;15.28
Total Nacional;6;2019;14.02
Total Nacional;6;2020;15.33
Total Nacional;6;2021;15.39
Total Nacional;6;2022;12.69
Total Nacional;6;2023;11.67
Total Nacional;9;2002;11.49
Total Nacional;9;2003;11.3
Total Nacional;9;2004;10.74
Total Nacional;9;2005;8.41
Total Nacional;9;2006;8.08
Total Nacional;9;2007;8.01
Total Nacional;9;2008;11.23
Total Nacional;9;2009;17.75
Total Nacional;9;2010;19.59
Total Nacional;9;2011;21.28
Total Nacional;9;2012;24.79
Total Nacional;9;2013;25.65
Total Nacional;9;2014;23.67
Total Nacional;9;2015;21.18
Total Nacional;9;2016;18.91
Total Nacional;9;2017;16.38
Total Nacional;9;2018;14.55
Total Nacional;9;2019;13.92
Total Nacional;9;2020;16.26
Total Nacional;9;2021;14.71
Total Nacional;9;2022;12.73
Total Nacional;9;2023;11.89
Total Nacional;12;2002;11.61
Total Nacional;12;2003;11.37
Total Nacional;12;2004;10.53
Total Nacional;12;2005;8.71
Total Nacional;12;2006;8.26
Total Nacional;12;2007;8.57
Total Nacional;12;2008;13.79
Total Nacional;12;2009;18.66
Total Nacional;12;2010;20.11
Total Nacional;12;2011;22.56
Total Nacional;12;2012;25.77
Total Nacional;12;2013;25.73
Total Nacional;12;2014;23.7
Total Nacional;12;2015;20.9
Total Nacional;12;2016;18.63
Total Nacional;12;2017;16.55
Total Nacional;12;2018;14.45
Total Nacional;12;2019;13.78
Total Nacional;12;2020;16.13
Total Nacional;12;2021;13.44
Total Nacional;12;2022;12.99
Total Nacional;12;2023;11.8
